user_id;age;abandoned_cart;user_category;marketing_target
a806c313-9bc3-4c1b-bdc4-24e9b0cdec8e;28;FALSE;premium_subscriber;1
c93cb31f-dab2-4d8f-b8de-ec5466b764c1;54;FALSE;premium_subscriber;1
262c06e0-96d7-45bc-bbff-060bae8a6f52;23;TRUE;premium_subscriber;1
3eb387fe-6afc-4e23-9e3c-26457d97e446;53;FALSE;recurring_user;1
65596ffc-3bf1-4d45-8589-37bfce2f4d72;62;FALSE;recurring_user;1
cd852673-a705-4e12-8a36-9645c2d2809c;30;TRUE;new_user;2
599c3985-b7c4-4287-8d90-49c630f23920;44;FALSE;premium_subscriber;3
229ec6a6-16ab-4535-a6fe-9bc8c8a6ce28;58;FALSE;recurring_user;1
d158dd65-9608-46c4-8494-8e87886259b5;22;FALSE;new_user;1
3fc5da4c-a0d9-4aaa-b6ec-a2992962d5ac;67;FALSE;recurring_user;1
9ff84261-0292-4bce-a984-e96d6f3ddbc6;33;FALSE;recurring_user;1
e6781fb3-ee37-48cc-838d-d136550f1bb7;26;FALSE;new_user;1
70759ee0-3ef1-407f-b057-5f555dfb1ada;66;FALSE;recurring_user;1
3f308095-4522-443d-a77f-a68ac4269778;67;FALSE;recurring_user;1
5dfddb8a-707c-40bc-bfe8-9e18052be177;59;FALSE;premium_subscriber;1
aa7867ec-2095-4bd9-badf-f510a81aab3c;50;TRUE;recurring_user;2
18433903-c157-4dc0-9de1-952d8bce8d0d;40;FALSE;recurring_user;1
e229c979-7921-43a8-9161-b58780a3cf5e;39;FALSE;recurring_user;1
dcf2fd98-2019-4628-bc11-11298824c368;45;TRUE;recurring_user;2
00019a96-41bd-455e-bdc9-54b5cf623d01;51;FALSE;premium_subscriber;1
2247fb82-9c97-4112-b708-e0ed6f308222;62;FALSE;premium_subscriber;1
a69a3fe9-93f7-4748-85e3-23eadd0c1b35;39;TRUE;new_user;2
e0bff773-6a2a-4ff5-a7ba-b49f9619fa56;61;FALSE;recurring_user;1
2f143081-7f83-4674-b108-2cc2cdfe5c82;32;TRUE;premium_subscriber;1
5744e72c-6b73-457e-8738-8a2f20e41fbe;23;TRUE;recurring_user;1
22f3b4b2-4e63-4977-9450-4562a26d536b;42;TRUE;new_user;2
2a40ec7c-a2c9-415e-b478-1875622606c2;55;TRUE;premium_subscriber;1
4855723f-31bd-49d6-bf7a-5ca3f0abdc4e;56;FALSE;premium_subscriber;3
aaef3559-5270-4701-bdf8-2825c3910810;36;TRUE;new_user;2
0c930d4a-b088-4e11-a85e-b90919f5a803;53;FALSE;new_user;1
831a50c4-854a-4b02-9ba5-f623cd470c3f;39;TRUE;premium_subscriber;1
9c3f6710-10f2-47a0-b39f-7979bf388b1f;33;TRUE;premium_subscriber;1
74167d88-468a-4380-991e-395eb6a7b31e;36;FALSE;new_user;1
1fa88711-67eb-4023-a241-e061fb0b2836;69;FALSE;premium_subscriber;1
12265fe3-490d-4569-9bde-2c00eab9462f;27;FALSE;premium_subscriber;3
0e848e02-8190-4ab8-a15b-7d96f4fe4531;46;TRUE;premium_subscriber;1
38ba8906-a7b0-4218-8d9b-4375afe4f58a;51;FALSE;recurring_user;1
6bb8ee33-dd2e-4b77-a05b-f762bad99d09;62;TRUE;premium_subscriber;1
cc4b9066-66cc-4c12-b9c0-bebf2ed5dc99;62;FALSE;new_user;2
1f84588e-e35a-41a6-b458-73d10ed0c16f;61;TRUE;premium_subscriber;1
175ff2b1-8c4f-49c3-aef5-529c6cbe0bd5;43;TRUE;new_user;1
d8179687-e63e-47cf-bf9d-35d6485e93b7;23;TRUE;premium_subscriber;1
d06c74f9-85ad-49b0-ba40-2c51e25354eb;70;TRUE;recurring_user;1
8226d4f4-4472-4dda-9766-6b5aee1c9533;39;TRUE;recurring_user;2
c9e17d1d-1b91-435c-a132-4c7510b9d38e;68;FALSE;recurring_user;1
1b36cdb1-9854-4e7a-8b91-00381c823b61;48;FALSE;recurring_user;1
dac4e825-912b-4784-9a58-0bec944fe330;47;TRUE;premium_subscriber;1
5ded26d9-7760-4e3d-a7dc-c0eba64e3c47;61;TRUE;new_user;1
67f7ecbf-a11b-4cd2-910d-a58a7ab19ae6;50;FALSE;premium_subscriber;1
2f946732-7cb4-4afb-bc26-08c75a5913e1;55;FALSE;new_user;1
4049ce20-aeb5-4756-980e-f442c782b03c;50;TRUE;new_user;1
4205ee86-af98-4d37-986a-250cf955dafa;35;FALSE;recurring_user;2
50b333cb-9b1a-4124-a891-1303c879bdaa;22;TRUE;new_user;1
0b358ab0-f712-45a1-a035-f5a4939e5869;42;FALSE;new_user;1
04201aa0-e3d9-4cdc-870f-b3decc383ca8;42;FALSE;new_user;2
426a0050-f42f-4477-b430-40d6492a0635;24;FALSE;recurring_user;1
94ab1b5d-7017-4fe9-8ed2-21dcc0ca2d06;42;FALSE;premium_subscriber;1
fe7ed7b8-9d1d-49df-bc2d-61e7aaf0af7b;69;FALSE;recurring_user;1
45cebf4b-d8ed-480d-adfa-c9a30be63812;69;TRUE;recurring_user;3
3f5bbf22-6975-498d-af37-a7561f65079c;45;TRUE;recurring_user;1
3ebbb8a2-652d-4478-9913-c6a3ed6c8f0a;57;TRUE;premium_subscriber;1
722148d7-792e-4909-8cda-9c584515149e;36;FALSE;premium_subscriber;1
d8f4e0f7-9b2e-418b-84cf-160185221d6d;69;FALSE;new_user;1
a63ce48e-3cec-4962-85aa-396e17787407;38;TRUE;new_user;1
6c44de89-eda3-4241-98b8-d1002e608c88;61;FALSE;recurring_user;1
e5c4a1a5-6e2e-41f8-a252-8e734d7ff519;30;FALSE;new_user;3
39a5cef9-7378-40eb-b31a-1d8c4daa0008;61;TRUE;premium_subscriber;1
ac2ac1ae-1e87-4c91-8380-55ac0adecb45;70;FALSE;premium_subscriber;1
bdcacbbd-2b27-488f-bbbc-86e2e7f7fff1;38;TRUE;new_user;2
1b93ce20-bcc4-486b-b6b4-641cf177d7fe;48;FALSE;new_user;1
59e48910-15c8-4fff-ac5a-7f617902aff5;64;FALSE;recurring_user;1
8c546852-e0df-41b2-81bf-d6f62116368d;31;FALSE;new_user;2
a6c43ed1-d8ca-484f-bf6d-7aa86bcafc61;40;FALSE;new_user;1
7c5198e0-02d9-4b58-9f74-37d279035783;59;TRUE;premium_subscriber;1
feab4745-865a-4d67-b103-bd77833924a9;38;FALSE;new_user;1
388ada93-832e-41b9-ac03-52d019aa87a1;41;FALSE;new_user;2
a189c520-2aa2-427e-b612-6ce92414e4e6;47;FALSE;new_user;2
f2b533ad-9bb7-4071-a195-4ab51a2aee82;47;TRUE;premium_subscriber;1
4e64c7c9-fd4d-41ae-b956-cdd3f6281853;50;FALSE;new_user;1
6b610a54-b676-4621-a96d-fd324b88b0f7;23;TRUE;new_user;1
5677d921-e593-461e-a2bd-f9500069f572;22;FALSE;new_user;1
ba26209b-d35c-4a25-a5a5-6ba9c29b6a87;43;FALSE;new_user;2
82227f04-1950-4176-9746-de6ac756f95a;43;TRUE;premium_subscriber;1
abc40784-c925-43d5-93a7-3aa2e9260ac5;63;FALSE;premium_subscriber;1
2414e466-70b2-411d-ad8b-1b4557a1c626;67;TRUE;new_user;1
24f9b37c-cd4d-4365-851d-3913f9fe0d95;21;TRUE;new_user;1
2ef4e7c8-f32b-4fde-9305-6a3a53fb1de0;39;FALSE;premium_subscriber;2
24fabdca-0196-4057-9060-832e0e48771a;36;FALSE;recurring_user;2
f5e1932a-d4fb-4f5f-94f5-63ca7e1987e0;57;TRUE;new_user;1
ac55b887-3eb6-4d0a-b8e9-9b13f84e6ddd;49;TRUE;recurring_user;1
37ff5b32-121f-494b-8e4c-6b5ee7fad5b6;56;FALSE;recurring_user;1
8beae166-4c27-4bdb-b309-c17f3e6baa16;55;FALSE;premium_subscriber;1
7b44c7a2-c1e7-40ae-804a-72ce61cee1f2;52;FALSE;premium_subscriber;1
ec3417a4-5924-4262-8d63-28499676038a;58;TRUE;premium_subscriber;1
6c385062-d9ca-4840-a081-7111aa3aef0e;20;FALSE;premium_subscriber;1
f0a92884-3603-4bb7-ba13-c4ec8e8694c3;33;FALSE;recurring_user;2
e12c82e9-6f77-45d1-a21a-a8cf4376c0a2;61;FALSE;premium_subscriber;1
f02a99a3-1b3f-407f-b2bd-77e385ee936b;63;TRUE;new_user;1
2978c723-a580-4dd2-928f-4af808db71e7;70;TRUE;recurring_user;1
2eef4588-2c7a-487e-a43b-c773dba5380a;26;TRUE;new_user;1
189e8296-3fb9-4e28-8f98-46c8b39c13a2;50;FALSE;new_user;3
3799200d-30ac-4dbd-87b6-07bf23a92c06;34;FALSE;premium_subscriber;2
c771d01e-d954-47a0-ba24-fba182269d17;32;TRUE;premium_subscriber;2
3c6b5271-d424-4443-b5b4-87d657040bb6;61;TRUE;premium_subscriber;3
95e8a9ac-30ee-41cb-98ed-93f298d21543;63;FALSE;premium_subscriber;1
336c1379-1221-4b54-86ac-f0c77b188c90;22;FALSE;new_user;2
7955a098-116a-4503-b97c-ed293788fd3f;32;TRUE;recurring_user;2
956e5281-b2cf-42b0-9b23-9ac680e60448;50;FALSE;premium_subscriber;1
03ae8e59-096c-4369-b14c-e5cadf7b7478;35;TRUE;premium_subscriber;2
37ce8ac0-bc32-4e6f-a5f1-76da0a742d64;51;TRUE;new_user;1
a7dee618-e74e-45c3-a332-5245687ccc7a;54;FALSE;new_user;1
4f2a4133-2fef-44cd-bf5e-ae2cbcc3fe65;34;TRUE;new_user;1
5cbb5ac5-51d9-4193-9791-06bebcd8fd23;67;FALSE;new_user;1
b2b3382c-f5aa-4473-be8e-002a1b949d8d;19;TRUE;recurring_user;3
1159b1ba-80b4-41f2-a135-5bb32ade5cab;64;FALSE;new_user;1
bf41d410-2bb5-4ff3-8ed2-9a802480e10a;30;FALSE;recurring_user;1
709dcdfc-635c-4558-be22-8e66c77473a9;26;FALSE;recurring_user;1
412f8a0e-7b27-45dd-b393-e2685e362848;40;TRUE;new_user;1
35ae0ce5-5ba4-4a1b-8572-090d10992d9b;63;FALSE;premium_subscriber;1
2c193354-10d0-4d46-a4e5-3fbcf6bcb495;40;FALSE;new_user;2
1191034c-6ad9-408b-a54e-2359d014d8a9;27;TRUE;premium_subscriber;1
1641a964-67da-4055-9491-bd7d3c782d97;61;FALSE;recurring_user;1
4504f536-be0b-47cd-9332-090beb3f393f;37;TRUE;recurring_user;1
7126f3f8-7b90-4964-b5e6-cb4fe1ae3b2c;49;FALSE;recurring_user;2
bb66578f-0187-4c34-a749-78e7a07fc96b;40;TRUE;premium_subscriber;1
8e685d8b-eb98-43c7-b8ca-1ae0ac8658e1;64;FALSE;premium_subscriber;1
4e4383d7-2106-4ce8-92d9-f35db528174d;37;FALSE;recurring_user;1
bbdfcdcb-4daf-4895-968a-10df3555002d;24;FALSE;premium_subscriber;1
a408720a-3a36-492f-b8c6-fa7c03f9a428;33;FALSE;new_user;2
16ab7a82-73d6-4214-8175-6b97d79dc4ee;24;FALSE;premium_subscriber;1
6ccfdc8d-312c-4ae0-b8ba-f609c6d13ba3;36;TRUE;new_user;1
59809326-c1b8-4820-8080-e5353b822470;58;TRUE;premium_subscriber;3
8c62cbe7-83ab-4cc7-bab8-05362e574310;54;FALSE;new_user;1
dbe459f3-6140-40c3-99bd-d85885b79541;48;TRUE;new_user;2
46fc917a-26b9-47a2-86fb-139d34d0c478;40;FALSE;new_user;2
8ff50283-f5cc-49a5-a60b-c5a1f67cf7c1;25;TRUE;recurring_user;1
647a7df7-bc40-47eb-a045-b98705575169;69;TRUE;new_user;1
f1726762-be74-4879-84ff-f9b9ff1249e0;39;FALSE;new_user;2
43a0a16d-5b37-4117-9407-32cc28d47124;48;TRUE;premium_subscriber;1
10f5a67c-8245-4e47-8b84-756352637b52;38;FALSE;recurring_user;2
537e3d27-5b80-4941-bb17-140dfdeabd9b;22;FALSE;recurring_user;1
8e6b65a6-26f3-4c55-8f47-5baf7a29ffbf;39;FALSE;premium_subscriber;1
95a83504-ee44-444b-8f2a-453c2f4d6d70;47;TRUE;new_user;1
2ce23ca3-2d57-4f18-95f6-74463771158f;49;FALSE;premium_subscriber;1
c1c39557-fabb-4d9c-9fd6-79b80795a5b2;47;TRUE;premium_subscriber;1
87148df8-408b-447b-8f04-0ad484c47871;69;FALSE;new_user;1
2b2a610b-bb58-4a8d-b587-2816f388d56f;34;TRUE;new_user;1
f1ceeafb-5fda-4725-93fd-eac5184802dc;66;FALSE;new_user;1
0d5be3f9-37e2-4d40-a339-d3d7a1a94a0f;46;TRUE;new_user;1
7c6797a2-add9-4654-8728-76cc2397aa53;52;TRUE;new_user;1
6b263c79-78e7-4210-bf97-183f57835b80;41;TRUE;premium_subscriber;1
b3bcfe0a-b6f5-4dde-9c04-efc795729a57;22;FALSE;premium_subscriber;1
dd047c80-2cb9-4d8c-87e5-56d3f9518acd;48;FALSE;recurring_user;2
01041ca7-a8f3-482a-87a7-5acfacc4d5a1;55;FALSE;premium_subscriber;1
b3000e3c-13cf-4159-8d86-64ede5b5a3a9;65;FALSE;premium_subscriber;1
56c0306f-cf21-47ea-a1cc-570c53cc84b9;27;TRUE;recurring_user;1
6999bdd4-420f-4410-bf46-9b4a316c163c;49;FALSE;new_user;1
787f2848-7893-4443-b197-ac332b1d8bb0;48;FALSE;new_user;1
1bfc5602-0949-4386-a72d-fb835c8a8e08;44;FALSE;recurring_user;1
7b98b996-81bb-4be3-9a95-9aa91bc5521d;54;FALSE;premium_subscriber;1
2dea13a4-08e1-4b3f-b5e3-439ba1e39933;22;FALSE;premium_subscriber;2
e1470899-0262-4395-929b-21506b708613;44;TRUE;new_user;2
d5bf8a48-b765-4c67-81e4-4f04cadf536d;30;FALSE;premium_subscriber;1
702a3ed9-88dd-4750-8833-bd5bc6214f09;26;TRUE;recurring_user;1
863d3b16-3f0e-4729-a999-3fed06d429e0;31;FALSE;new_user;1
214f941f-631b-4248-be45-9468572e5eb3;48;FALSE;new_user;2
35c6aa5f-9673-469d-a044-a2858967d284;54;TRUE;recurring_user;1
8c27cd9d-f4e6-49ad-ad54-bea539fbfbad;49;FALSE;new_user;2
e2f2dc7f-eb2b-422e-a4a0-62881c9e7a8e;24;FALSE;recurring_user;1
833ed452-e447-4ce3-b8e5-b316b5adcb46;25;TRUE;new_user;3
2945e458-adb6-4fa3-84ab-08953f507a2c;67;TRUE;recurring_user;1
d3606016-e01f-4b0f-99fb-98a30e3be5ee;64;TRUE;new_user;1
6ad6e877-99ff-457d-9584-1ae29c3a5267;18;FALSE;premium_subscriber;1
0c9cc8a8-e071-4104-9477-bf6f310b1486;58;FALSE;new_user;3
68cd1d5c-e0c7-473b-a428-32488be27cbb;63;TRUE;recurring_user;1
1bc46b5b-7e6d-48ff-a230-0a7ad8ff01c3;53;TRUE;new_user;1
106c4ccc-6158-41bf-99a2-e2767b0a3f9a;59;FALSE;recurring_user;1
c404b731-aa22-487e-bf0b-bf123b087f9a;57;FALSE;new_user;1
f6719773-0d5f-4366-9ea1-ed05001e2751;54;FALSE;premium_subscriber;1
3e927661-beb8-41c8-a2a0-7627c2f31109;22;TRUE;new_user;1
16a53417-c62d-4bfd-9e37-9118caee73a9;56;TRUE;new_user;1
c3dcf777-3681-4b63-8b4b-e4283b893ecb;41;TRUE;premium_subscriber;1
fa020109-3414-4b03-a980-fff47038e334;24;FALSE;premium_subscriber;1
cbedc795-3a86-48c2-9d81-d73ae544eaf1;38;FALSE;premium_subscriber;1
b64e7b5f-9950-496d-9bbb-a60fd470532b;45;FALSE;recurring_user;1
2fbefb07-43fe-455b-92c2-4dbab9707555;48;TRUE;premium_subscriber;2
36019b57-4806-4923-9f67-f804b50bc1e6;61;TRUE;recurring_user;3
a502feea-79b1-40ca-a326-d100ca580df0;69;FALSE;premium_subscriber;1
37fd2669-fbc1-4735-909e-77a9d65be117;47;FALSE;premium_subscriber;1
0fc9f506-49ae-49b3-afa8-2efbcd0f013b;57;TRUE;premium_subscriber;3
fbcd631e-c626-4ce1-8c68-c271f54b61b3;49;FALSE;new_user;1
8a7f9879-45de-46c1-9f40-2fcd5f6914ae;18;FALSE;new_user;2
890ea980-4cea-47ab-b300-8540acda9b56;59;TRUE;recurring_user;1
c00fafbb-9cfe-415f-8d36-2d6020331638;21;FALSE;recurring_user;1
59b3841d-67d6-4ea2-8eef-feaccecda2c7;61;FALSE;premium_subscriber;1
38b64b3b-06b9-45d4-9862-eaea242a0291;38;FALSE;premium_subscriber;3
2b3713a4-dc74-456e-8798-690e22afee0a;44;FALSE;premium_subscriber;1
f6879cda-c80e-4df8-b782-95266819f680;30;TRUE;new_user;1
bd18ce63-5b3d-4d75-8012-8a3da6d27788;42;FALSE;new_user;1
75552d31-0ad7-4260-9ba1-6f5b682390b5;45;TRUE;premium_subscriber;1
f45bc9c6-4ab6-4ea0-9c2f-0b3dc005bf1a;22;FALSE;new_user;1
db877814-67d4-4cc3-9336-dceb67647d8e;30;TRUE;premium_subscriber;1
dcc761b6-ddc7-404d-993b-379651ab9ed0;59;TRUE;premium_subscriber;1
786122a8-1df3-457c-94df-2f5679b5ccd5;24;FALSE;recurring_user;1
5d7752fe-322e-45c2-9d85-10dbeaa375f8;49;TRUE;premium_subscriber;1
4eca74b2-af24-4f99-bbab-8a10b8f5ebed;19;FALSE;premium_subscriber;3
1f5ea61d-1089-4b1f-872b-04c76ff5dffe;65;TRUE;new_user;1
20d8016f-9319-42ff-9833-78f0bd06afbe;56;FALSE;new_user;1
703d82e6-8803-426c-b38c-ad7c392a98cf;33;TRUE;recurring_user;1
13616eb3-0629-499c-b8ba-ef395cfa02e2;69;TRUE;new_user;1
e08cc98b-4562-40ab-9d31-de4f0e37645b;43;TRUE;premium_subscriber;1
d9602269-b003-4084-a624-fb49a06ac2cb;18;TRUE;premium_subscriber;1
6b42ab33-7cad-4c84-bfc6-a570f927eba8;45;TRUE;premium_subscriber;1
d13a512c-895b-4a7e-9eef-2d6418fb33cd;27;FALSE;new_user;1
3685cebe-b9a3-4694-8fe6-9ae78d24b004;25;FALSE;recurring_user;1
14948f42-db44-4fd7-8d32-abb060d32485;27;TRUE;recurring_user;1
a1c6fd31-d8f3-40f4-ad92-eb53319709e3;25;FALSE;premium_subscriber;1
c452f951-9f17-4e06-84d7-1ae2184f099e;45;TRUE;premium_subscriber;1
82382d5e-85c4-49df-a453-ee9cfc973411;46;FALSE;new_user;2
da013706-07ab-48e5-9519-ad08067508e5;22;FALSE;recurring_user;1
c0e8393b-4ffa-4b47-bb63-aaa05ce4afb3;54;TRUE;premium_subscriber;1
fddcb447-bb39-4044-ab8d-33109f395d9a;54;FALSE;new_user;1
cf29ce84-527f-436f-b6e0-6ba073a17ff2;36;TRUE;premium_subscriber;1
27950814-8406-45a6-8924-cc9e27e554f1;29;TRUE;new_user;1
6c765c29-272a-44a3-a98c-b4d63be3f602;65;TRUE;new_user;1
30e9e536-6d0b-441d-ab72-30522ab29604;34;TRUE;recurring_user;1
5f20ce6f-f252-450c-a6f5-77bbe29ccbbf;68;TRUE;recurring_user;3
f09ee58f-f9ba-4e7b-8d0a-40e42bfa76fc;67;TRUE;recurring_user;1
cfbf8877-c369-46a7-82ef-f1cc1faa2641;45;FALSE;premium_subscriber;2
74d3ac61-8315-440f-91db-0cb616e242a7;53;TRUE;recurring_user;1
877bf9b9-d02e-4df1-8ba2-94f6e9bf5b3d;56;TRUE;premium_subscriber;1
8d1e7b57-7d8c-4903-bc8b-b1054623bb19;38;TRUE;premium_subscriber;1
22af1015-0fbb-4283-a82d-d7cb68a99d5e;46;FALSE;new_user;1
6b8cf5d7-86d4-41cf-b014-da304e471693;22;TRUE;premium_subscriber;1
f483da3d-4a62-42a8-a1be-cb3ddff9f1c8;61;TRUE;premium_subscriber;1
5836d331-19da-4e91-82ca-374d10bbac1f;68;FALSE;new_user;1
f4be6a7e-89b9-47ea-9521-4babe97a51fc;18;FALSE;recurring_user;1
4a2ebe15-1043-47e5-9ab8-72d1c2a57f52;20;TRUE;recurring_user;1
ccd82cc2-1d51-4e80-8395-884ac7930d74;67;FALSE;premium_subscriber;1
54809800-913f-445b-8747-533e24dfd31d;39;TRUE;new_user;1
d21e7150-a123-4b53-987e-83ca5e9654fa;33;FALSE;premium_subscriber;2
a96f6f24-5c81-4ded-a90b-99bec9733ce5;44;FALSE;premium_subscriber;1
497e10a9-62db-4bd8-8bb9-0c1cdc6d9de3;44;FALSE;premium_subscriber;1
75274281-4d54-45df-99a8-a9d64bf1c69b;56;FALSE;recurring_user;1
d2b7e019-c6be-4b17-be05-049d3247604c;66;FALSE;premium_subscriber;1
066c541b-5cec-45ab-ba28-fbc9beeabb39;26;TRUE;premium_subscriber;1
257eb293-f164-4b9b-b097-77e3afdb7d4a;40;FALSE;new_user;2
5940eeab-61e5-48f8-97db-7d8d870d8f7f;43;TRUE;recurring_user;1
4ec7c005-d8e2-4063-b28f-c2d6ae236d2a;66;TRUE;recurring_user;1
a99c7e02-6c8b-4650-9d9f-83e5e61da9f8;29;FALSE;recurring_user;1
ce060ae4-4589-47d4-9675-37b03394a120;38;FALSE;new_user;1
7f5d552a-066e-4bf0-ae65-238e4573ea7e;60;FALSE;recurring_user;1
f0aec817-41d6-49a4-8c7b-4fff293c4b4c;66;TRUE;premium_subscriber;1
87ed52d4-289b-4101-94be-f0dd3b922e75;46;FALSE;recurring_user;1
f82d5368-3288-45ed-8393-b05b545bbf20;44;FALSE;new_user;1
0293eeb9-d0fb-4a0d-b035-9cf2076e7262;36;FALSE;recurring_user;3
98c0898a-086d-497b-bc07-2b99a6edc009;68;TRUE;new_user;1
eda6bfc3-971c-4b43-9b66-d8a57ec40ee6;37;FALSE;recurring_user;1
76d8370c-6a9f-4fdf-b4b5-2be232fae3f7;68;TRUE;premium_subscriber;1
283f443c-8211-408f-9dd2-8909fa51d388;43;FALSE;premium_subscriber;1
67bda8f8-0c30-431c-bdd8-2b2f689e8db3;31;TRUE;new_user;1
3d910f41-5938-4f05-a2a0-a0e87bf1afca;27;FALSE;premium_subscriber;1
d712c477-ec76-4302-a7da-f25f26a705e6;23;TRUE;new_user;3
1d3fb276-0041-4ad9-adbb-5de91f9f10ae;60;FALSE;new_user;1
93f61df8-076b-42e4-ac22-356b71fdbe20;24;TRUE;recurring_user;1
a8625e88-28b7-4cca-bf0a-47c500297151;56;FALSE;recurring_user;1
b1f00250-f60f-4585-912c-d2eac7d661df;38;FALSE;recurring_user;1
30dd970b-6e91-4a3c-b77a-3714aee4fdf9;28;FALSE;recurring_user;1
02ac8002-ea88-4294-a2a1-5325dccfdb8f;49;FALSE;premium_subscriber;2
5dfe8df6-d08e-480c-99ed-e0591e582129;35;TRUE;premium_subscriber;1
a7d025f5-5a38-4397-ba53-d673758c8f41;48;FALSE;recurring_user;1
6328b85f-7d1f-464b-9e74-375f944f5f04;47;TRUE;recurring_user;3
9ef0699b-a69d-4b9c-b288-bfef741ee877;38;FALSE;recurring_user;2
7dfdf0d3-86ee-4b16-bb4e-b047cc486f25;70;TRUE;new_user;3
9bd46a22-b59a-405d-9993-258d48c4bdac;59;FALSE;recurring_user;1
81174ec8-eccb-4467-96ca-828c88a3e383;41;TRUE;new_user;2
ce26b928-2b41-4b26-8c9e-98f6c710d741;39;FALSE;recurring_user;1
bea97d82-e98b-43b5-a43a-f3e376976e3e;47;FALSE;recurring_user;2
d29fa404-5e31-4743-b43c-3f940e8c42ef;23;FALSE;recurring_user;1
5c2c3ff5-d853-4a22-b63e-7c3f577d0fc0;54;FALSE;new_user;1
24a0e12f-429b-4a09-a9c7-696ea783cdb3;57;TRUE;recurring_user;1
1d42679d-4552-492d-b281-c6db84b72cdf;53;FALSE;premium_subscriber;1
fa985f92-46a7-4675-8591-bee8b260101c;46;TRUE;new_user;1
54f5d9a1-b25d-48a0-a8e9-b4f560556feb;53;TRUE;recurring_user;3
df0d8f55-7040-4ba2-b746-c346a1b8afc5;63;TRUE;recurring_user;3
24a776a2-955f-4666-90ba-f05d82f87435;19;FALSE;new_user;1
0aee64a1-0e56-4fbf-90f0-9c101003e553;60;FALSE;new_user;1
d1577eac-41c2-4f64-8ef2-1c24f1ba4320;33;FALSE;premium_subscriber;1
565360bf-6eb3-411d-998e-28a9f7a0a768;64;TRUE;new_user;1
0732eb57-91e6-4b99-b51e-084b65f01c1a;29;FALSE;recurring_user;1
254f6283-0882-4c51-97fc-9ec3112e158a;27;FALSE;premium_subscriber;3
79e5002b-9df2-4c40-a20f-72fe986af674;58;TRUE;recurring_user;3
21f78b9b-a9af-4768-b138-b52f3b3f8fa0;44;TRUE;new_user;1
4857d90e-dbd1-4340-b116-bcb12d7f7b53;61;TRUE;recurring_user;1
09c50e97-6991-4025-a595-30c7131d79cb;67;FALSE;new_user;1
dec7e4ab-7bb5-4652-8cef-a3740049f0fd;69;FALSE;recurring_user;1
46fdd679-1d4d-4e2a-af8d-541769c60870;36;FALSE;new_user;1
f2c60a98-d6a3-44fe-be75-54d0e5da6386;38;TRUE;premium_subscriber;3
a08bb719-889d-430a-8d12-d1a23250c10a;67;TRUE;new_user;1
5e4fd397-4eeb-4164-ac54-2d561fb85d6d;27;TRUE;recurring_user;1
684673c6-9bc7-46b9-b509-cd84f98d7e94;62;TRUE;recurring_user;1
ba855d5c-3a43-433f-b5f4-0f2ac2d3dadf;20;TRUE;premium_subscriber;1
c15147ab-3c1a-4390-a304-79d80190d2d6;37;TRUE;premium_subscriber;3
88688555-cbb6-499a-957c-82427976d9d7;55;FALSE;new_user;1
2dad0f04-b4cc-4cee-b711-2e0db6b1ecfc;49;FALSE;new_user;2
8a106423-c13b-4927-841f-eefa24f2b6dd;46;TRUE;new_user;1
a6a65b86-1d90-45c6-8d23-1f7c5d5dc240;31;FALSE;new_user;1
da0b5e55-a168-4433-9bfe-6629abed33cd;32;FALSE;premium_subscriber;2
8dba47c5-6767-4c38-8817-8ec36b8a210e;20;TRUE;premium_subscriber;1
c2575f3d-e93e-402d-8292-8e59586eb2e1;39;TRUE;recurring_user;1
33531c19-b5b2-41f7-93a2-535781f0c7a0;39;FALSE;recurring_user;2
af0c20f2-43a3-4457-9492-a8a359a074c1;37;TRUE;recurring_user;1
ad33a604-2b0b-4f42-a880-50fb64f5d396;49;FALSE;recurring_user;2
631dadc7-ff7c-46bf-9366-c056a5c4f4f4;53;FALSE;premium_subscriber;3
ef04cb4b-8dbd-45d2-9b85-8dae7e9035de;47;FALSE;new_user;1
fcf4853d-a330-4387-8570-60a1df29aff1;65;FALSE;premium_subscriber;1
2edb1e7d-7813-4162-8fbc-48ef8e640d58;27;TRUE;recurring_user;1
05227ce1-4b78-4ab1-94df-f65c4554c750;24;FALSE;premium_subscriber;1
9053a6ba-906b-439b-947a-e848b5012e0f;19;FALSE;new_user;1
80608085-7cf2-4c6b-9688-f9f8ee4b0649;56;FALSE;new_user;1
52c629d1-15a8-40f2-bfed-7658ebdde962;49;TRUE;new_user;1
64ffe239-7748-4fd3-88cc-9f1ba36b9313;40;FALSE;new_user;2
2d5d1425-73f8-4333-8ea3-5353a4ded997;42;FALSE;premium_subscriber;2
95b6b798-f532-4750-84aa-2cf7bc1f4aeb;55;FALSE;premium_subscriber;1
532e5f04-d3cd-41e9-ad46-b14334a4efb2;61;TRUE;new_user;3
f248f29d-1b98-4e73-91f5-1fec49f21e9f;41;TRUE;premium_subscriber;1
be0e74cb-a27e-4b38-b59f-b5099e4feba0;46;FALSE;new_user;1
0d82a7ab-0023-4c7c-963f-74be9661b72a;32;FALSE;premium_subscriber;1
44361a57-8a04-41cc-a992-695be38c8b2b;36;TRUE;new_user;1
e9ffb182-e383-4613-bb75-8f9cb0db1b6d;36;FALSE;new_user;1
5be285a1-3ebc-4641-806f-3dd881575a7f;20;TRUE;new_user;1
86ac393e-487c-4b64-9244-4de33e05ffc5;33;TRUE;recurring_user;2
9f4aa658-1a39-477e-aef9-0fe5c5366d23;20;TRUE;new_user;1
fbc6df72-412e-48ee-b503-4a48bff92e7f;60;FALSE;premium_subscriber;1
64ec8ab8-a6f5-491f-8c1a-e6cd28f4471b;32;FALSE;new_user;2
156accbf-6d5d-4674-b245-6d77878b10c4;69;TRUE;new_user;1
6c5c5f5c-b969-4d06-8344-28004b79c5de;25;FALSE;premium_subscriber;1
6d386737-726b-4209-86a0-56fba7a37c17;24;FALSE;premium_subscriber;1
011da192-0d1c-4f62-a293-0b766489dc5b;42;TRUE;new_user;3
244dda81-426f-46d5-8ff8-b44b825ea868;39;TRUE;new_user;2
7781b85b-67b6-4a2d-9783-6e842539a3f2;19;TRUE;recurring_user;1
22704196-3f3e-484c-aefe-2cf7fce62e6d;66;TRUE;recurring_user;1
a26dc0c0-0f3a-4eaf-abbb-cea32d8e3806;42;FALSE;recurring_user;1
c1290d68-7049-4537-b0f6-f247ebf47533;24;FALSE;new_user;1
6cf9098c-c513-4eb5-85e0-1c81e505b609;70;FALSE;new_user;1
789d7ee6-dea0-4410-8195-f5ece733a49a;56;FALSE;recurring_user;1
e28c7347-37da-4674-85bf-03fe1e549002;22;FALSE;premium_subscriber;1
a8375a8d-c296-4b8c-a129-90b317f6ce75;47;TRUE;recurring_user;2
a9853a28-4f01-4220-b87b-3c872917333e;37;TRUE;new_user;2
c26271f4-596a-4e99-8aed-78856b040274;31;FALSE;new_user;3
94e4af26-8048-47ae-b621-ee5af0273df9;21;TRUE;premium_subscriber;1
ddb725f3-f469-4de8-ae1a-ae2533ea8794;52;FALSE;recurring_user;1
51f0b0ae-1079-41ff-8e05-6df5ddf11dd9;40;TRUE;premium_subscriber;1
318e2db6-73f3-4912-b318-9ae6dcf14979;59;TRUE;recurring_user;3
053ccfa0-a952-41ea-ba61-4e8f9131c92f;19;FALSE;new_user;1
22715def-509b-4ebf-bb39-9ad6bb08421d;58;TRUE;new_user;1
6821504c-40ef-45c5-9ed4-54495e18d6c8;28;TRUE;recurring_user;1
812f1da1-94f5-4e97-8dcb-edc71ce187bf;56;FALSE;recurring_user;1
c704fe8d-55a3-49e6-83bf-54c8df4683f3;18;TRUE;recurring_user;1
3c5fd3bb-69b9-4370-8ec3-a04be4cc78b7;59;TRUE;premium_subscriber;1
bbfdaa99-4aca-47d2-b2e8-9eeee69674d5;23;TRUE;new_user;1
7ea67064-0cdb-4893-844e-d07dfbbdb373;58;TRUE;premium_subscriber;3
f4ce9848-7bfb-4034-a7d4-8b3f832d28b2;36;TRUE;new_user;1
c4aa55c7-cc22-434e-8c8d-1b63e1bdce2b;54;TRUE;recurring_user;2
71a9d660-b35a-415b-929e-79b05728d20b;66;FALSE;recurring_user;1
4eca6680-f21e-4baa-83d5-0386480b86a1;70;TRUE;recurring_user;1
383e4183-0f44-4efc-a9b7-b51651540c10;48;TRUE;premium_subscriber;1
48a285c9-c73b-44a7-9724-9b8513efe92a;58;TRUE;recurring_user;1
97800012-2e71-42f9-9db4-140236f8ab03;67;FALSE;new_user;1
0265b4a2-68a0-4ebb-ad96-7b05bea2ba11;27;TRUE;recurring_user;3
8ba18a5f-9349-42c6-8f07-320d3b3b7b3c;57;FALSE;recurring_user;2
707eb2a9-3eb6-4fb8-b720-a70a33ff0e19;22;FALSE;premium_subscriber;1
b5c1cee9-2d94-4e54-aee5-be9f5ab1d480;45;TRUE;premium_subscriber;2
04d66ef9-2130-414f-9152-c6b01053ef9e;60;FALSE;premium_subscriber;2
7b07a666-dfad-4947-8176-cf5b7babe24c;60;TRUE;new_user;1
5e1b3d6b-f6e3-4d95-bafd-5635e04923c7;52;FALSE;new_user;1
fd9caad3-715d-44a2-88b7-8f57d1bdfc24;54;TRUE;premium_subscriber;1
c5706792-97e4-42e2-8a8b-037a9d157d8e;70;FALSE;recurring_user;1
df7b96a3-d436-4080-9e06-d17a3c027086;63;TRUE;premium_subscriber;1
526a2ee9-ced3-4d21-9c77-a337963b6b68;67;TRUE;recurring_user;1
6c7ffaee-b34c-48b8-b7fc-6660f33967b0;49;TRUE;new_user;1
777e427c-ad5f-4720-909e-c505e7ec9599;18;TRUE;premium_subscriber;1
6b626942-bc35-474c-bf95-3d4ef61a6b6d;53;FALSE;new_user;1
cac8e0e6-1aaf-4090-a1c1-76f25a427265;31;TRUE;new_user;1
75a9d16a-af57-4dcd-98a1-22c423c4856e;42;FALSE;recurring_user;2
70cdd772-c944-4cfd-a6ab-b2a03572dd2d;34;TRUE;new_user;1
971e4c6c-a43c-43a0-a179-0f38c936fca2;46;TRUE;new_user;3
6376255f-98bc-4d49-bb41-1f9215e32c24;40;TRUE;premium_subscriber;1
2bd3dd62-3bb5-4a51-9e7e-75e0714e923a;21;TRUE;new_user;1
0e4c7760-3884-4605-899e-93c89cfb337a;56;TRUE;recurring_user;1
034b4cb4-229b-4ed6-ac09-af9c4933d0a1;44;TRUE;premium_subscriber;3
7118d1e0-b130-47cb-8ae4-bea69e345c1c;20;FALSE;premium_subscriber;1
1f407c0b-0312-43a1-9c3f-78c91941bace;36;FALSE;premium_subscriber;1
e5418060-f328-42ea-8aed-875fa84cba8b;28;FALSE;premium_subscriber;1
698a4602-9cb7-4003-9792-cde416363b03;34;TRUE;new_user;1
e02c732e-585d-491c-9bd5-1a0602b9f403;64;TRUE;premium_subscriber;1
1b02cb16-ff51-455c-8f43-0ea428fd6059;53;FALSE;premium_subscriber;1
137b7d28-ac55-4191-b38c-50a976ce072c;40;TRUE;recurring_user;1
e6cb1b4e-ad9f-40c4-b0b0-536ebf4dffec;19;TRUE;premium_subscriber;1
ad07b7c9-2ee2-4e9c-a48e-aa94cefe6b8e;47;FALSE;new_user;3
0f29c5d9-9159-46a6-ab73-c6723185af00;33;TRUE;recurring_user;1
a60c5e16-a1e7-4022-aced-e3bd552e3e38;21;TRUE;new_user;1
8aaab701-0b47-456c-be74-f4adc165845b;68;TRUE;recurring_user;1
d6b46c17-afa9-4abe-8e1a-90a99730c01b;59;TRUE;premium_subscriber;2
5bf6e4b9-2cd4-4556-b911-ef5c5ba40bad;69;TRUE;new_user;1
966b8909-6afd-4f51-8ecd-18717965b914;44;FALSE;premium_subscriber;1
b7c763f0-bd60-420e-b187-8332ecfcb05c;56;FALSE;recurring_user;1
20632001-12cd-4ced-9d77-aed225d682ee;57;TRUE;premium_subscriber;1
88ac9656-592d-49e7-a442-7126268bc3da;64;FALSE;new_user;1
c3f7eea6-046b-41a9-924a-4e37b994ba5b;46;TRUE;new_user;2
8ce3c0c5-add2-4aca-a27c-cef3814ce620;51;FALSE;recurring_user;1
0dc25b37-fa88-459a-be5d-b6bd4140a48e;47;FALSE;recurring_user;1
c042d142-ed89-45ed-a8e1-1850a2c9fc1a;27;FALSE;premium_subscriber;1
ad802846-cf18-4afd-a707-9d642aa91a8b;51;FALSE;recurring_user;2
0f43147a-4de7-48e6-a28f-ff4b85054503;56;FALSE;premium_subscriber;1
aee40bc0-657f-420e-a5b2-737085f3e809;54;TRUE;recurring_user;1
211948db-0bae-430a-812c-748963da51d7;20;TRUE;new_user;1
f7d03492-f45d-4196-866b-7059b1c7ec46;57;TRUE;new_user;3
8d2fd2d5-2cb4-4081-be91-cbd83229a22f;41;TRUE;premium_subscriber;1
16896296-d0e5-4fdf-9c87-bd2cbb046812;60;TRUE;new_user;1
026b1abf-9d2b-4773-a27c-922ffec7f024;40;FALSE;recurring_user;1
9e08afff-ac50-415e-8f3c-dae4abba75c4;32;TRUE;new_user;1
16176ff6-c79f-431d-a6f3-6d2756d3b0cc;28;TRUE;new_user;3
307ea386-ae59-42de-8024-184bab557164;38;FALSE;recurring_user;2
02d2252f-574f-42fa-9d9f-d324d2784eb2;28;TRUE;new_user;1
8dc79953-1190-4a1b-9adc-5bfe55edd1f9;45;FALSE;premium_subscriber;3
faa5279c-f933-477e-8ade-374a3b241ae2;44;TRUE;recurring_user;1
44927523-e1fb-4145-8f67-cee4e33ef8b2;18;TRUE;recurring_user;1
a315aaf6-0e88-4596-9ae9-e534e1d9c922;59;TRUE;new_user;1
a1ee3259-7875-4dd2-a227-7212b032014d;23;TRUE;recurring_user;1
ec02a15c-170e-43e5-8975-0cfc71bb45f2;53;TRUE;premium_subscriber;2
40faacdd-1d79-4cc6-8ed9-9f9601839c54;23;TRUE;new_user;3
137f2d80-c6c4-4471-bc6e-8f75d5c1a21a;55;TRUE;new_user;1
5d99624d-ec21-4c7c-bf51-c50cb50a1ed2;27;FALSE;recurring_user;1
66bd5812-e20b-4dc5-9371-03d5ad016633;45;FALSE;premium_subscriber;2
7846ad5a-ef75-4945-9be3-5afe30a88395;62;TRUE;recurring_user;1
825f9be6-e4ce-43a9-86ad-4bc121fe64d0;18;FALSE;recurring_user;1
d3848c59-be2f-468e-a744-3fb6d4d85b63;43;FALSE;premium_subscriber;2
04fd0bbe-f6c7-4bc8-8cf8-8bffc552e5db;21;FALSE;premium_subscriber;3
60689d7a-e559-44ee-b667-f7b4d2fe9851;39;FALSE;premium_subscriber;1
5c32bc3e-163d-4002-bd2b-f22a1ecb3b50;60;FALSE;premium_subscriber;1
ee84ae3c-2e27-4c60-bbe7-2eb613a37b82;59;FALSE;recurring_user;1
325ecead-6e2b-4f16-8d2f-3ea065b33cd7;39;FALSE;recurring_user;1
60c11164-b7da-4c4f-9041-042740c61684;58;FALSE;premium_subscriber;1
d370e9dc-8cd9-424d-8392-f86fe2533485;38;TRUE;recurring_user;1
29f53185-274e-44d4-bd48-6c1bdef1d6f1;62;FALSE;recurring_user;3
a91a47a0-28c8-4e53-b614-e9065e287737;26;FALSE;new_user;1
142400d4-5878-478c-bad3-638e45927b09;31;FALSE;new_user;2
d994277d-a02d-47bf-b476-f77b7aea590b;23;TRUE;premium_subscriber;1
07989b3a-17b6-4934-8d99-4e962e42e7be;21;TRUE;recurring_user;1
8f2451d2-25fa-4a38-82e8-a72531562fa5;45;TRUE;premium_subscriber;1
061c39ad-bdc8-4211-852c-8f1e76a2ff48;18;FALSE;new_user;1
fae7a688-2e28-4643-b6dd-ac3c215015d2;55;FALSE;premium_subscriber;1
abf3e7fb-6279-4c46-8969-369db475beed;34;TRUE;new_user;1
bc86ef5c-0109-4623-94e3-459f2e0eb22a;44;FALSE;premium_subscriber;2
3dc1f280-64f0-43be-b328-aabb208298c6;62;TRUE;recurring_user;1
d0d236ca-cb92-4ef8-9bac-5fbb9d8a5c0a;51;TRUE;premium_subscriber;1
abdefab0-3687-439f-a645-1207c688d721;41;FALSE;new_user;1
f69ce38b-22f0-4e98-bb97-e8e0f1377fb0;29;FALSE;premium_subscriber;1
d5ac5920-f641-4618-b00a-1734a6dc1760;22;FALSE;recurring_user;1
9adb2fb5-042c-4a0f-b84e-3bbc627c6c5f;67;TRUE;new_user;1
aeaddd66-0afc-498b-b184-78de43f24c0f;64;TRUE;premium_subscriber;1
83318e8d-0c09-4da5-b51d-56fc12fa34d1;51;TRUE;recurring_user;1
cc587378-7c52-4294-9ee9-79b4dc43940d;62;FALSE;recurring_user;1
a36173f2-d8d1-4870-96ae-298bdc534002;44;FALSE;premium_subscriber;3
b11923c6-c387-4cf4-a2c5-375d66d2bc54;30;FALSE;recurring_user;2
3d9b9847-d65b-4dbc-bc70-5068a4555a78;20;FALSE;new_user;1
5f72b696-cd6d-46cc-ae14-995b8eb8d80f;61;TRUE;premium_subscriber;1
ec4553f3-f638-40fb-8e6f-c4d5ab675629;35;TRUE;recurring_user;1
63b0faf1-14ae-4931-88af-43867e8511ed;36;FALSE;new_user;1
b5445d3c-4462-4ec1-8b01-4e15bf8f920f;33;TRUE;recurring_user;2
c18d3f15-5c1e-401e-b62f-e711010bc333;57;FALSE;premium_subscriber;1
9c919cee-140a-48da-8cee-40013015d1f1;57;FALSE;premium_subscriber;1
82f981b9-6b10-4a78-854e-0a8ec57b1d4e;41;TRUE;recurring_user;2
8d96265b-2372-4aea-aef2-b2e504083d5a;33;FALSE;new_user;1
58189b2f-9f52-4285-8f3e-2ae65f08a5e3;29;TRUE;recurring_user;1
4d324a8c-27c4-48f7-9e4e-5ed771948f4f;55;FALSE;recurring_user;1
23422f18-cb5c-4d3b-987e-04c9f743045d;26;TRUE;premium_subscriber;1
4e71ce0c-e06c-4f03-9fc2-121b990720a2;34;TRUE;premium_subscriber;3
9a99b0f1-900d-4383-91c7-57a2eef4e9ff;65;FALSE;recurring_user;1
5ca73d83-dba4-48cd-99c3-e47efdf5c316;42;TRUE;premium_subscriber;1
5c768345-bb68-408a-bb57-043106a4f40c;35;TRUE;recurring_user;1
e5e9dd1c-b0a4-49cd-9607-55d0cbb72515;63;FALSE;new_user;1
593fc689-913a-4c22-bcac-54e95fd81a05;54;TRUE;premium_subscriber;1
82b3c0bd-72f6-4688-9833-76d783eac2bf;25;FALSE;new_user;1
09d1cb4f-b402-412d-9ede-7c5694306762;60;FALSE;premium_subscriber;1
60b4dd0a-4f1f-40a8-a2cf-279f5c04c8c4;43;TRUE;recurring_user;2
7213416d-bebf-48af-b43b-bba2377f75f9;28;FALSE;recurring_user;1
34f58a32-cce3-444b-a3f8-3742888474f2;39;TRUE;premium_subscriber;1
4de4c3e6-4c36-402c-bc3e-279fa79f53b6;31;FALSE;new_user;1
fcdab3b6-7558-4490-b891-05ba1ebfbe56;35;TRUE;premium_subscriber;1
262e118c-cef2-4f0d-8636-3b17d9db3be7;27;FALSE;new_user;3
0d0c0959-95a9-4def-90b1-92d53be863d6;51;TRUE;recurring_user;1
59e1c5a2-84e1-456b-a0df-dd624e262214;19;FALSE;new_user;1
14eb3a6b-79f7-416a-b3bd-b48cf46f5447;39;FALSE;premium_subscriber;3
4323341d-40ad-447c-aa5a-130f42b971c6;47;FALSE;premium_subscriber;1
511f489c-7a49-48b6-b6d7-28a1305fdb61;45;FALSE;premium_subscriber;3
6ca78245-a76c-463e-bcc9-61251ed8bb9e;69;TRUE;recurring_user;1
4e860dd2-54dd-4089-8925-6a704ee65bf7;54;FALSE;premium_subscriber;1
7516904f-aef1-46cf-b9f2-7df87b28aac9;27;TRUE;recurring_user;2
3d1a6768-67c3-4651-adca-39c6795f691e;26;TRUE;recurring_user;1
bc8b0051-7a05-478d-9787-c88bc24ec55b;58;TRUE;new_user;2
aee23f85-a456-4392-b37a-1dedcd85b0e8;61;TRUE;recurring_user;1
d2502c91-0fd0-440e-a70f-343db132845e;19;FALSE;premium_subscriber;1
476fb5d1-776d-4853-a133-7cd475550769;40;TRUE;premium_subscriber;1
01b14c78-b839-49cb-94a4-1b78e206e929;55;TRUE;new_user;1
d29e2a06-daa7-436f-a61c-9061dc312687;31;TRUE;new_user;2
8aa50626-2083-4ff3-83ea-ec84f041b67b;29;FALSE;premium_subscriber;1
f8ba0be7-17fd-4552-abc9-e0bf3285ece5;42;FALSE;recurring_user;1
eb4aba4e-9602-4b2f-9fbb-dfe4188da2e8;40;FALSE;new_user;1
e9aef5b0-dc81-4405-9c87-331f960b7ca5;66;TRUE;premium_subscriber;3
ea0f7cdf-d608-4c32-94bb-26016ee4c3d9;23;TRUE;new_user;3
ef258c9d-3c6a-4910-9fd9-ba6f3fc74003;70;FALSE;recurring_user;1
4158f837-9d88-4248-93a1-2eec4c0d4b35;59;FALSE;new_user;1
d505f97d-8f55-4aef-a731-59d69643247f;60;FALSE;new_user;1
5aa5dc94-8015-4125-a41a-9a78f1ebb0c3;35;TRUE;recurring_user;1
92107e7e-72e3-498d-b141-1e6bd13fcdee;61;TRUE;recurring_user;1
8cb77cf7-cf24-438c-87ce-890db01693c1;50;FALSE;recurring_user;2
e0629fb4-5f7f-4ad6-88df-9688b6afa366;38;TRUE;premium_subscriber;1
a7a184c6-19bf-474a-8b0b-f8b9102b159c;56;TRUE;recurring_user;1
e75641c3-8e8d-4106-bb66-8680c68a59f3;36;TRUE;new_user;1
ac5bad99-8222-4b11-9dbc-1ca13ac3b3ad;52;FALSE;premium_subscriber;1
147187e8-de66-4355-be38-fddd195b6e82;64;FALSE;premium_subscriber;1
3c881b00-a67b-4acf-849f-796142c3324c;65;FALSE;recurring_user;1
39fff875-b0e3-4c99-afb5-548bc1126f42;58;TRUE;recurring_user;1
8d04a286-f548-4cad-9cc9-5ef837300364;69;TRUE;recurring_user;2
7ded4534-43a7-4871-b9b0-f0040a08757f;63;TRUE;recurring_user;1
559dadb2-09e2-4e3d-916e-bdbcbdb3f318;70;TRUE;recurring_user;1
4b795036-df0d-44fb-b65a-59341f8f07a2;63;TRUE;premium_subscriber;2
76030fae-4465-4c3d-ab72-58f684e665fe;38;FALSE;premium_subscriber;1
6b8ddf4f-f201-491e-9f02-0dbe55a389db;40;FALSE;premium_subscriber;1
640e6461-b358-447b-beab-f8c9c7660c03;49;TRUE;new_user;2
ea5a826d-4e1f-44ce-b5da-4f7484bcb9f4;39;FALSE;new_user;1
bf5b531f-318c-43cd-a48b-a41dbc2b6d56;43;FALSE;premium_subscriber;2
ac1d25c4-90bf-4a6b-8997-387ab95fdd4b;68;TRUE;new_user;1
b6a54067-2dc1-490d-9653-d6f510b5c0b3;37;FALSE;premium_subscriber;2
d69d3a30-071c-4a14-86bc-cf0603b42043;27;TRUE;recurring_user;1
9db26f14-a99c-4159-89ba-4f63a6dddf06;48;FALSE;premium_subscriber;1
2cc8789d-0d4f-4e11-888b-85c5d9f03862;44;FALSE;new_user;1
88ecfe79-07f2-4701-a8c8-6bddfd7ae814;33;TRUE;new_user;2
1ad45f7a-11b2-437f-a98c-bc798bd4e782;23;FALSE;recurring_user;3
034581fb-e026-4662-9ab5-714d4e1e3c29;50;TRUE;recurring_user;1
96f72aaa-f20f-4457-9866-17fc818abe7d;59;FALSE;recurring_user;1
1421fd52-f19d-43bb-a0e1-bf85d05983c0;35;FALSE;recurring_user;2
752da219-bb0d-4403-8a75-a1d10524250b;32;TRUE;premium_subscriber;1
f1f9e6c5-ed01-4f85-aaee-49b7e47b443f;48;TRUE;premium_subscriber;1
dcd87e1c-a2f0-4c1a-88e4-ed88915a4243;26;TRUE;new_user;1
8f022b1b-c420-4605-8e09-2ab4982cd009;64;TRUE;recurring_user;1
60deaaa4-dfaf-498f-afba-e3aba8af38fa;68;FALSE;premium_subscriber;1
a4da7787-e381-4f7d-8660-c590b3b0c339;29;TRUE;premium_subscriber;3
19f5a563-2777-4487-8e6e-16123bd30204;22;TRUE;premium_subscriber;1
bbe73f25-4242-472f-b6a4-b41c7d218608;54;FALSE;recurring_user;1
43d6ab25-ae6f-4e36-9a33-bc2f4c79ec58;24;TRUE;premium_subscriber;1
3d82c1da-ea9b-4fb4-a3d0-017fb12987a4;62;FALSE;recurring_user;3
59c84995-0e12-43d9-8dd0-82b262ddf594;23;TRUE;recurring_user;1
21a9bce1-df67-4e0e-a64e-c14ec6910d25;31;FALSE;premium_subscriber;1
e9c889d5-b8da-43fd-bb9b-ab9b24f57dd7;67;FALSE;premium_subscriber;1
4a9d2e7f-4da7-482c-91b7-98bc19eaeba5;31;FALSE;recurring_user;1
fe16673d-c18b-4f46-aa22-2f642e008df3;54;FALSE;premium_subscriber;3
c7811194-4dc3-4a9d-ba90-6938c36cc957;29;TRUE;recurring_user;1
04877226-5ee3-4e30-924c-8bd219ac945c;30;FALSE;premium_subscriber;3
cb014f4d-6638-42d0-8fdf-f657d63d6910;49;FALSE;premium_subscriber;1
8781c9b7-b4db-45e6-9ce6-a353bee1c4da;67;TRUE;new_user;1
138ec367-f1e3-4a28-9130-8e8f97f501c4;60;TRUE;recurring_user;1
a0654403-3113-4148-9637-dd53be6919e5;49;TRUE;new_user;2
4432a20e-d5ff-462c-b208-1852a932f14d;53;TRUE;recurring_user;1
b492d9c3-dc71-4722-b06e-58c3e30c0064;51;FALSE;premium_subscriber;1
0e4bb3b9-1a96-4869-83b7-506b794e98c2;52;FALSE;recurring_user;1
0796a59f-ac1f-4097-be7e-c55e262b6191;61;FALSE;recurring_user;1
acefdbce-d389-45a9-b9b9-2ad0a4f242ae;40;FALSE;recurring_user;1
26191dbc-c837-410c-87be-7599376d361f;45;FALSE;new_user;1
778e95d7-d839-4830-90bb-30b6391e798c;44;TRUE;new_user;1
45131403-143e-4571-b123-e7f9d876d7e5;55;FALSE;premium_subscriber;1
694107cd-f20b-4887-9acb-d679b7cee9d3;63;TRUE;new_user;1
0657f46b-2f94-4f3d-84c4-ee8bc3c79f49;22;FALSE;new_user;1
9d4d8382-ec99-47ca-9629-95f32a6cfe40;68;TRUE;premium_subscriber;1
b8869cfa-f5b1-4236-b4bc-6e153bf60bb7;35;FALSE;new_user;1
86d0782d-59c8-45a9-a0a9-59a5853b2ad6;63;FALSE;premium_subscriber;1
db0c55d9-24d5-4c8b-a43e-09b5e184fdf9;25;FALSE;premium_subscriber;1
62d8ef7b-231f-4717-b4a1-97779083fada;29;FALSE;premium_subscriber;1
d88b55e7-39b8-4b10-b2e9-4a7b5826cf35;38;FALSE;recurring_user;2
5f8967ba-790a-485b-8088-950a8f341997;43;FALSE;recurring_user;1
8ebd4873-5ccd-4ff2-9c40-eb93adf2ca0d;21;TRUE;premium_subscriber;1
b13d8a13-5c07-4227-9e2f-a9e32854dd5a;23;FALSE;recurring_user;1
6fdf69ce-a295-4c4e-bba8-2dfe28d0acf8;55;TRUE;new_user;1
4f4f728d-266e-4e0f-bfaa-24f733d2015b;28;TRUE;new_user;3
71951fbc-b899-4a05-a556-8647d0b6d0f7;46;TRUE;premium_subscriber;2
ffe4c492-4bfd-499d-be29-1c90da6fef6d;37;FALSE;recurring_user;1
1072436e-5955-48b3-b626-bd0255fce338;50;FALSE;premium_subscriber;2
63ffb121-6ea8-4d3b-8039-e427652eb264;43;FALSE;new_user;1
8966d0b1-fb8a-4a16-97c9-d3ffc26890c1;46;TRUE;premium_subscriber;1
5d478804-ba86-4571-8c27-fa6438fc5874;28;TRUE;new_user;1
0a0ddb7a-a9d9-44de-84e7-03762a8e3cb7;45;TRUE;premium_subscriber;3
e0853c87-951c-4517-8655-57631ae804f1;30;TRUE;premium_subscriber;1
78a95fd5-bb01-4efe-a0f1-bf76e46c2c08;23;TRUE;new_user;1
84c59deb-71c1-4583-9177-a0fe8d182856;44;TRUE;recurring_user;2
dc60f228-9a06-470f-bbae-4dc402124e18;23;FALSE;premium_subscriber;3
d23457d1-1954-4c8e-9195-96228afa1867;41;FALSE;recurring_user;1
c2c730de-c70c-4a86-a888-6b01aa40548b;20;TRUE;new_user;1
7e80f372-9f4b-4e0b-afb9-8cc263a7ce4e;46;TRUE;new_user;1
37f997e1-185d-4bc4-87eb-c09713b07797;40;TRUE;premium_subscriber;2
8c580fad-b3a2-4d56-8389-5f96fd77f4ff;18;FALSE;recurring_user;1
2bde9a8b-4448-4954-90b8-27a16aa33347;23;TRUE;new_user;1
e20de1d8-2ea7-434c-9983-ef141f6bfeba;25;TRUE;premium_subscriber;3
f39c195f-4e00-4023-9cbe-45ababda1b58;55;TRUE;new_user;3
08f6a448-a56c-4f45-bed7-3df65f15a169;43;FALSE;premium_subscriber;1
1e0294a7-1346-49bb-be02-7ba9f41e5b3a;38;FALSE;new_user;2
bd9e7020-2dbb-4f8a-9990-5ced13348d06;41;FALSE;recurring_user;2
1fdb728e-a83e-46dd-8d3b-90e25ccc6df6;57;FALSE;premium_subscriber;1
1f19338f-fa7a-4c5c-a93c-6a5c01d6d455;51;TRUE;recurring_user;1
18b2e4e3-c466-406a-8363-ff20c94d59ec;33;FALSE;recurring_user;1
b9860427-3f7c-4404-b6f4-4a22a4ede5dc;57;FALSE;new_user;1
3b860686-1971-4635-bf50-19ee97e0c675;67;TRUE;premium_subscriber;1
2bbcbe48-400f-4922-b284-a18c86e71479;24;FALSE;recurring_user;1
4d60823b-6ef3-4a25-8bd7-3a7a05425915;23;TRUE;recurring_user;3
eaf3bec4-6795-413f-9dc5-f63b0e609e3f;35;FALSE;premium_subscriber;3
3335e96c-b3ea-4353-80a9-16bb7da005ba;32;FALSE;new_user;1
38b058ba-97db-438a-a84e-0430a8b27c8a;66;TRUE;new_user;1
c4fb14dc-5f42-4936-9274-ec7d45ece78b;47;TRUE;premium_subscriber;1
1fbdc3e1-3584-4b70-a892-bf5917df74da;55;FALSE;recurring_user;1
8c33bbf5-578c-4985-804e-74a4553a41d2;22;TRUE;recurring_user;1
7f7111a0-caf8-47d7-a901-bea6bd92d058;43;FALSE;recurring_user;1
76d05535-db86-4336-98fb-d0ad8fb61948;25;TRUE;recurring_user;1
639b180e-5f81-40de-bc6e-2ba962a5a1ff;52;TRUE;premium_subscriber;1
705c813b-ef36-4b80-adc1-62a61ac0225f;56;TRUE;new_user;1
f507ccdb-b3bd-4d22-9a87-9922658ba1a6;68;TRUE;premium_subscriber;1
3e48ec48-7ac2-414e-8c66-71eecd02425c;18;TRUE;premium_subscriber;1
65986323-0dc1-4eba-bf5b-bab0070c53f9;43;TRUE;premium_subscriber;2
254a14e6-d96d-49cd-a46a-a3c99e7de170;34;FALSE;premium_subscriber;1
88a614b0-a278-42a3-88be-9f359feb78ae;37;FALSE;recurring_user;2
ff0b9ec6-5907-41bc-9e93-1b55cbb2be0d;37;TRUE;premium_subscriber;1
b918e723-9c9e-4c40-b19b-38468a127792;61;TRUE;recurring_user;1
2cb4c476-7daa-4468-9490-70b09aba8dbd;49;FALSE;new_user;2
b6469033-7a66-4403-85d4-e7db1fd6ce14;57;FALSE;recurring_user;1
f6498385-5e5f-4d71-b62b-e13436df9cc8;19;FALSE;recurring_user;1
31afec29-b172-4561-b8bf-6cb72630797d;43;FALSE;premium_subscriber;1
b10e6a9c-3983-42c0-96a6-6b5e74206429;50;TRUE;premium_subscriber;1
7b6a06f0-47e6-4b16-b64c-368531d9ca45;26;FALSE;new_user;1
0ad84b8f-0c22-4f02-937c-5776f556b790;25;FALSE;new_user;1
89dbb190-9702-4913-80f8-db36b3cea1a3;24;FALSE;new_user;1
c1349eb2-5c1f-40f8-bf87-5aca7ab39ff8;70;TRUE;recurring_user;1
3786788b-bff1-493c-8733-a240ae12d28f;29;FALSE;premium_subscriber;1
d79f567c-67c4-40bb-b71c-73e7f553dc37;43;FALSE;new_user;1
ce28517a-675b-40bb-a3b4-82da4443c261;23;FALSE;new_user;1
55777e7e-7d41-42c4-bec3-fccc68077122;48;TRUE;new_user;2
c14c7361-07a6-4b7c-821f-d5144473615a;70;TRUE;premium_subscriber;1
06fe78d1-1df2-433f-b5c1-01d629cbd023;43;FALSE;new_user;2
9bd04f6e-c071-4812-8ea6-bcd677753a41;21;FALSE;new_user;1
63ff75b9-1df2-4324-82e9-7f17b50234d0;58;TRUE;new_user;1
37191c9a-c98d-4cb6-a29a-0218a07befd9;29;TRUE;recurring_user;1
ded2f023-db70-477c-af30-3e32aff7a789;64;TRUE;recurring_user;1
6a41fb76-65d5-4934-851c-104f54babe51;30;TRUE;premium_subscriber;3
57c3e4ce-06c3-4130-991a-dc902f50d80b;66;TRUE;premium_subscriber;1
807a322a-ea6a-4cb4-9b5d-d96d25d06d5f;37;FALSE;new_user;2
5cb48461-3f2e-44b6-a49f-da46bcdc92f7;27;FALSE;new_user;1
0c88c966-56e9-4035-a7e4-d4bc78df308f;42;TRUE;recurring_user;1
133c8ac1-23a9-4246-b233-fcd826aae082;32;TRUE;premium_subscriber;3
2f41548a-5920-4837-b448-143a4572c247;36;FALSE;new_user;1
97e9275b-3f3e-4a98-957e-c02c005033ec;54;TRUE;recurring_user;1
316cb0e0-2be7-41e5-a383-64b3b963d0b7;32;TRUE;new_user;1
abd3a790-bb8e-425f-9bdc-b53fca583899;27;FALSE;new_user;1
2686f312-881e-4d7a-8340-50797ce07339;40;FALSE;recurring_user;1
f9eef7c2-4440-45dc-aa81-5b45262ef5e9;57;FALSE;new_user;1
3db94343-d6d9-49fc-abce-9eb84d921899;67;FALSE;recurring_user;1
ec28be07-6fb5-4eaa-9f9e-cfb93a9d291e;39;TRUE;recurring_user;1
8af00494-ad5f-49f9-ade1-c9eb9afbc70a;45;FALSE;recurring_user;1
ef9c699c-ec8b-495f-9abe-573990040b9e;18;TRUE;premium_subscriber;1
166b68e6-0038-4f07-942b-e8ad2b3a5093;48;TRUE;new_user;1
d74d6def-9ca9-4802-910a-5a2e5495aae2;22;FALSE;premium_subscriber;1
ad7a86c1-dbd5-47bb-ab15-fad92eecee3f;64;FALSE;new_user;1
d45b4e43-eaef-4d9b-81cf-a4dc6f1804ee;27;TRUE;premium_subscriber;1
ceff3be5-9468-49ae-9928-2cd68a76ad58;48;TRUE;new_user;1
afbe5ff3-3a58-4518-b6f8-34989cf6727d;23;TRUE;premium_subscriber;1
39b2f5a6-ac38-4442-bfe4-953743901187;30;FALSE;new_user;1
474fefcd-eede-4d5f-bcc9-1ba2518327ee;48;TRUE;premium_subscriber;1
b7b2d27e-7214-463b-86b8-10a524ee7d19;69;TRUE;premium_subscriber;1
9fd42e87-babd-46bf-9c24-ea6c8f338494;18;FALSE;new_user;1
c9f62a0d-cd3a-46bb-9018-3d1dbd4317fe;54;FALSE;recurring_user;1
11ec0051-a8f2-4a2c-85a7-754d52738e22;25;FALSE;premium_subscriber;1
f841e149-10e3-44b0-952a-904bff238064;30;TRUE;recurring_user;1
33326dd1-5b1b-4b1e-8e4c-cf753ed725d1;70;TRUE;premium_subscriber;1
6747df67-5169-4eac-8b70-1fac7549a719;68;TRUE;new_user;1
a8e2c812-7500-48b5-b44e-bdd834f011dd;65;TRUE;new_user;1
f2456785-da35-467f-9fde-ac2886a33d81;42;FALSE;premium_subscriber;2
8de3755f-f676-48f3-bd5e-5cfb2fef5045;19;TRUE;premium_subscriber;1
636f8a5a-90bf-431a-9a0b-36e614ba1163;18;FALSE;new_user;1
41ff6ff9-19f2-4bb2-9801-c3eee3a248a5;70;FALSE;premium_subscriber;1
7de22f00-5262-422d-9118-49c93e527a9f;41;TRUE;new_user;2
34f95892-5c48-488d-9000-ab272c22176e;57;FALSE;premium_subscriber;1
8a8fc88b-f51d-4523-84c1-3a95f4d98a68;36;TRUE;new_user;2
8e50ed47-6724-4c3c-b1d1-bac0d54a61da;21;TRUE;premium_subscriber;1
d76ceba2-f19f-452f-bf8e-a740f5944dba;54;FALSE;recurring_user;1
e640eb3c-533e-4a0b-a68a-9884ca14a606;47;FALSE;premium_subscriber;3
4ff2f03b-4217-4804-a269-f2e3189e228d;55;TRUE;recurring_user;1
35e0cae3-50e0-458b-976e-c267e130964c;44;TRUE;new_user;1
a258e7d2-4b66-42bb-8d2a-97a773a300c3;28;TRUE;recurring_user;1
2f83ea3a-ef60-4273-acc9-e4c6bef2bde6;18;TRUE;recurring_user;1
b3244cfa-2778-4f64-9c46-9009627e055e;44;FALSE;new_user;3
8fa470c4-54a4-4265-aace-8c1f72ee3d77;40;FALSE;new_user;3
d25667f3-471b-45d5-9398-dd0164e82ded;36;TRUE;recurring_user;2
